L-ornithine biosynthesis II	{'NA': 16, 'Cluster 40': 1}
L-threonine degradation V	{'NA': 3}
nucleoside and nucleotide degradation (archaea)	{'NA': 11, 'Cluster 10': 1}
purine ribonucleosides degradation	{'NA': 9, 'Cluster 65': 1, 'Cluster 2': 1, 'Cluster 6': 1}
diphthamide biosynthesis I (archaea)	{'NA': 5, 'Cluster 8': 1, 'Cluster 15': 1}
methylglyoxal degradation V	{'NA': 21, 'Cluster 16': 1, 'Cluster 8': 1, 'Cluster 46': 2, 'Cluster 49': 1}
L-alanine degradation V (oxidative Stickland reaction)	{'NA': 8, 'Cluster 22': 1, 'Cluster 59': 1}
C4 photosynthetic carbon assimilation cycle, NAD-ME type	{'NA': 57, 'Cluster 7': 1, 'Cluster 55': 2, 'Cluster 27': 1, 'Cluster 10': 1, 'Cluster 37': 2, 'Cluster 6': 2, 'Cluster 60': 1, 'Cluster 22': 1, 'Cluster 59': 1, 'Cluster 58': 1, 'Cluster 20': 1, 'Cluster 41': 1, 'Cluster 31': 1}
acetoacetate degradation (to acetyl CoA)	{'NA': 6, 'Cluster 4': 1}
4-hydroxybenzoate biosynthesis III (plants)	{'NA': 8}
3-phosphoinositide biosynthesis	{'NA': 14}
purine deoxyribonucleosides degradation I	{'NA': 9, 'Cluster 65': 1, 'Cluster 2': 1, 'Cluster 6': 1}
L-serine biosynthesis II	{'NA': 1}
L-histidine degradation V	{'NA': 1, 'Cluster 20': 1}
urea degradation II	{'NA': 2}
photorespiration	{'NA': 13, 'Cluster 65': 1, 'Cluster 14': 2, 'Cluster 46': 1}
3-(4-hydroxyphenyl)pyruvate biosynthesis	{'NA': 42, 'Cluster 22': 1, 'Cluster 59': 1, 'Cluster 7': 1, 'Cluster 55': 2, 'Cluster 27': 1, 'Cluster 10': 1, 'Cluster 37': 2, 'Cluster 6': 2, 'Cluster 60': 1}
phytosterol biosynthesis (plants)	{'NA': 5, 'Cluster 26': 1}
purine deoxyribonucleosides degradation II	{'NA': 9, 'Cluster 65': 1, 'Cluster 2': 1, 'Cluster 6': 1}
NADPH repair (prokaryotes)	{'NA': 2}
chlorophyll <i>a</i> biosynthesis II	{'NA': 5}
glucosinolate biosynthesis from pentahomomethionine	{'NA': 2}
flavin biosynthesis II (archaea)	{'NA': 9, 'Cluster 53': 1}
D-gluconate degradation	{'NA': 2}
testosterone degradation (anaerobic)	{'NA': 0, 'Cluster 35': 1}
glucosinolate biosynthesis from tyrosine	{'NA': 2}
D-galactose detoxification	{'NA': 7, 'Cluster 17': 1, 'Cluster 25': 1}
complex <i>N</i>-linked glycan biosynthesis (vertebrates)	{'NA': 6, 'Cluster 12': 1}
L-proline degradation I	{'NA': 1}
adenosine nucleotides degradation I	{'NA': 19, 'Cluster 65': 1, 'Cluster 2': 1, 'Cluster 6': 2, 'Cluster 8': 2, 'Cluster 24': 1}
NADH repair (prokaryotes)	{'NA': 2}
pyridoxal 5'-phosphate salvage I	{'NA': 7, 'Cluster 25': 1, 'Cluster 1': 1}
5-hydroxybenzimidazole biosynthesis (anaerobic)	{'NA': 1}
pyruvate fermentation to butanol I	{'NA': 44, 'Cluster 42': 1, 'Cluster 58': 1, 'Cluster 14': 1, 'Cluster 24': 1, 'Cluster 3': 1, 'Cluster 51': 1}
superpathway of pyrimidine deoxyribonucleotides <i>de novo</i> biosynthesis	{'NA': 87, 'Cluster 48': 1, 'Cluster 4': 2, 'Cluster 14': 1, 'Cluster 42': 1, 'Cluster 10': 2, 'Cluster 73': 1, 'Cluster 20': 1, 'Cluster 62': 2, 'Cluster 31': 1, 'Cluster 26': 1, 'Cluster 18': 1, 'Cluster 52': 2, 'Cluster 3': 1, 'Cluster 6': 1, 'Cluster 61': 1, 'Cluster 58': 1, 'Cluster 13': 1}
queuosine biosynthesis I (<i>de novo</i>)	{'NA': 6, 'Cluster 66': 1}
xanthommatin biosynthesis	{'NA': 1}
inosine 5'-phosphate degradation	{'NA': 12, 'Cluster 6': 1, 'Cluster 8': 1, 'Cluster 24': 1}
L-carnitine biosynthesis	{'NA': 3, 'Cluster 27': 1}
cytochrome <i>c</i> biogenesis (system III type)	{'NA': 2}
glycosaminoglycan-protein linkage region biosynthesis	{'NA': 2}
NAD salvage pathway III (to nicotinamide riboside)	{'NA': 8}
C4 photosynthetic carbon assimilation cycle, PEPCK type	{'NA': 55, 'Cluster 7': 1, 'Cluster 55': 2, 'Cluster 27': 1, 'Cluster 10': 1, 'Cluster 37': 2, 'Cluster 6': 2, 'Cluster 60': 1, 'Cluster 22': 1, 'Cluster 59': 1, 'Cluster 41': 1, 'Cluster 31': 1}
stearate biosynthesis I (animals)	{'NA': 19, 'Cluster 11': 1, 'Cluster 9': 1}
thiamine diphosphate salvage III	{'NA': 3}
2-methyl-branched fatty acid &beta;-oxidation	{'NA': 58, 'Cluster 59': 1, 'Cluster 11': 1, 'Cluster 9': 1, 'Cluster 51': 1, 'Cluster 3': 1, 'Cluster 24': 1, 'Cluster 14': 1, 'Cluster 58': 1, 'Cluster 42': 1}
pentose phosphate pathway (oxidative branch) I	{'NA': 6, 'Cluster 3': 1}
linamarin degradation	{'NA': 1}
pyruvate decarboxylation to acetyl CoA III	{'NA': 8}
thiosulfate oxidation III (multienzyme complex)	{'NA': 5, 'Cluster 57': 1, 'Cluster 31': 1, 'Cluster 1': 1}
phytochelatins biosynthesis	{'NA': 5}
acetate and ATP formation from acetyl-CoA II	{'NA': 1}
even <i>iso</i>-branched-chain fatty acid biosynthesis	{'NA': 6, 'Cluster 57': 2, 'Cluster 25': 1}
sphingomyelin metabolism	{'NA': 8, 'Cluster 73': 1}
2-methyladeninyl adenosylcobamide biosynthesis from adenosylcobinamide-GDP	{'NA': 3}
sterol:steryl ester interconversion (yeast)	{'NA': 1}
arsenic detoxification (mammals)	{'NA': 7, 'Cluster 65': 1}
L-asparagine biosynthesis I	{'NA': 4, 'Cluster 40': 1, 'Cluster 63': 1, 'Cluster 8': 1, 'Cluster 16': 1}
L-arginine degradation VI (arginase 2 pathway)	{'NA': 14, 'Cluster 38': 1}
choline biosynthesis III	{'NA': 11, 'Cluster 10': 1}
jasmonic acid biosynthesis	{'NA': 19, 'Cluster 31': 1, 'Cluster 6': 1, 'Cluster 59': 1}
pyrimidine deoxyribonucleotides dephosphorylation	{'NA': 33, 'Cluster 48': 1, 'Cluster 4': 1, 'Cluster 14': 1, 'Cluster 42': 1, 'Cluster 10': 2, 'Cluster 73': 1, 'Cluster 20': 1}
xylan biosynthesis	{'NA': 2}
pentose phosphate pathway (partial)	{'NA': 6, 'Cluster 14': 1}
NAD salvage pathway IV (from nicotinamide riboside)	{'NA': 1}
very long chain fatty acid biosynthesis II	{'NA': 33, 'Cluster 42': 1, 'Cluster 58': 1, 'Cluster 14': 1, 'Cluster 24': 1, 'Cluster 3': 1, 'Cluster 51': 1, 'Cluster 8': 1, 'Cluster 2': 1}
ppGpp metabolism	{'NA': 6, 'Cluster 37': 1, 'Cluster 13': 1}
pyrimidine deoxyribonucleotides biosynthesis from CTP	{'NA': 26, 'Cluster 13': 1, 'Cluster 62': 2, 'Cluster 31': 1, 'Cluster 14': 1, 'Cluster 20': 1, 'Cluster 26': 1, 'Cluster 18': 1}
cytosolic NADPH production (yeast)	{'NA': 9, 'Cluster 41': 1}
2-deoxy-D-glucose 6-phosphate degradation	{'NA': 1}
creatine phosphate biosynthesis	{'NA': 1}
UTP and CTP dephosphorylation I	{'NA': 14}
sulfoquinovosyl diacylglycerol biosynthesis	{'NA': 1}
thiamine diphosphate biosynthesis III (Staphylococcus)	{'NA': 4, 'Cluster 61': 1}
cardiolipin biosynthesis II	{'NA': 4}
phosphatidylcholine biosynthesis I	{'NA': 4}
guanosine deoxyribonucleotides <i>de novo</i> biosynthesis I	{'NA': 5, 'Cluster 31': 1, 'Cluster 62': 2, 'Cluster 13': 1}
ribose phosphorylation	{'NA': 2, 'Cluster 10': 1}
L-asparagine biosynthesis III (tRNA-dependent)	{'NA': 19, 'Cluster 13': 1, 'Cluster 16': 1, 'Cluster 8': 1, 'Cluster 63': 1, 'Cluster 40': 1, 'Cluster 52': 2, 'Cluster 3': 1, 'Cluster 4': 1, 'Cluster 6': 1, 'Cluster 10': 1, 'Cluster 60': 1}
L-tryptophan biosynthesis	{'NA': 24, 'Cluster 60': 1, 'Cluster 5': 1, 'Cluster 21': 1, 'Cluster 27': 1, 'Cluster 58': 1, 'Cluster 31': 1, 'Cluster 53': 1, 'Cluster 10': 1}
docosahexaenoate biosynthesis III (6-desaturase, mammals)	{'NA': 44, 'Cluster 8': 1, 'Cluster 2': 1, 'Cluster 59': 1, 'Cluster 42': 1, 'Cluster 58': 1, 'Cluster 14': 1, 'Cluster 24': 1, 'Cluster 3': 1, 'Cluster 51': 1}
canavanine degradation	{'NA': 10, 'Cluster 38': 1}
pentose phosphate pathway (non-oxidative branch) I	{'NA': 11, 'Cluster 14': 1}
stachyose degradation	{'NA': 8, 'Cluster 17': 1, 'Cluster 25': 1, 'Cluster 10': 1, 'Cluster 16': 1}
trehalose biosynthesis I	{'NA': 3}
L-citrulline biosynthesis	{'NA': 45, 'Cluster 13': 1, 'Cluster 16': 1, 'Cluster 8': 1, 'Cluster 63': 1, 'Cluster 40': 1, 'Cluster 52': 2, 'Cluster 3': 1, 'Cluster 4': 1, 'Cluster 6': 1, 'Cluster 10': 1, 'Cluster 60': 1, 'Cluster 38': 1}
sucrose biosynthesis II	{'NA': 37, 'Cluster 48': 2, 'Cluster 36': 1, 'Cluster 25': 1, 'Cluster 16': 1, 'Cluster 58': 1, 'Cluster 10': 1, 'Cluster 11': 1, 'Cluster 27': 1}
phytyl diphosphate biosynthesis	{'NA': 1}
mucin core 1 and core 2 <i>O</i>-glycosylation	{'NA': 9, 'Cluster 26': 1}
pinobanksin biosynthesis	{'NA': 15, 'Cluster 17': 1, 'Cluster 15': 1, 'Cluster 37': 1, 'Cluster 46': 1, 'Cluster 14': 1}
hentriaconta-3,6,9,12,15,19,22,25,28-nonaene biosynthesis	{'NA': 1}
Rubisco shunt	{'NA': 27, 'Cluster 14': 1, 'Cluster 13': 2, 'Cluster 17': 1, 'Cluster 27': 2, 'Cluster 51': 1, 'Cluster 76': 1}
L-serine degradation	{'NA': 4}
glutaminyl-tRNA<sup>gln</sup> biosynthesis via transamidation	{'NA': 19, 'Cluster 13': 1, 'Cluster 16': 1, 'Cluster 8': 1, 'Cluster 63': 1, 'Cluster 40': 1, 'Cluster 52': 2, 'Cluster 3': 1, 'Cluster 4': 1, 'Cluster 6': 1, 'Cluster 10': 1, 'Cluster 60': 1}
(1,4)-&beta;-D-xylan degradation	{'NA': 2}
L-alanine degradation IV	{'NA': 1, 'Cluster 5': 1, 'Cluster 29': 1}
urate conversion to allantoin I	{'NA': 0, 'Cluster 7': 1}
L-aspartate degradation I	{'NA': 41, 'Cluster 22': 1, 'Cluster 59': 1, 'Cluster 7': 1, 'Cluster 55': 2, 'Cluster 27': 1, 'Cluster 10': 1, 'Cluster 37': 2, 'Cluster 6': 2, 'Cluster 60': 1}
procollagen hydroxylation and glycosylation	{'NA': 9, 'Cluster 4': 1}
geranyl acetate biosynthesis	{'NA': 2}
4-hydroxy-2-nonenal detoxification	{'NA': 24}
cholesterol biosynthesis (plants, early side-chain reductase)	{'NA': 5, 'Cluster 26': 2}
L-alanine degradation II (to D-lactate)	{'NA': 11, 'Cluster 22': 1, 'Cluster 59': 1, 'Cluster 40': 1, 'Cluster 52': 1, 'Cluster 65': 1, 'Cluster 6': 1, 'Cluster 57': 1}
Calvin-Benson-Bassham cycle	{'NA': 28, 'Cluster 8': 1, 'Cluster 1': 1, 'Cluster 33': 1, 'Cluster 17': 1, 'Cluster 67': 1, 'Cluster 16': 1, 'Cluster 14': 1}
volatile esters biosynthesis (during fruit ripening)	{'NA': 2}
(8<i>E</i>,10<i>E</i>)-dodeca-8,10-dienol biosynthesis	{'NA': 44, 'Cluster 51': 1, 'Cluster 3': 1, 'Cluster 24': 1, 'Cluster 14': 1, 'Cluster 58': 1, 'Cluster 42': 1, 'Cluster 59': 1}
3-methylthiopropanoate biosynthesis	{'NA': 0, 'Cluster 27': 1}
xanthine and xanthosine salvage	{'NA': 3}
pyrimidine deoxyribonucleosides degradation	{'NA': 21, 'Cluster 14': 1, 'Cluster 20': 1}
L-arginine degradation VII (arginase 3 pathway)	{'NA': 12, 'Cluster 38': 1, 'Cluster 5': 1}
L-asparagine degradation III (mammalian)	{'NA': 45, 'Cluster 60': 2, 'Cluster 22': 1, 'Cluster 59': 1, 'Cluster 7': 1, 'Cluster 55': 2, 'Cluster 27': 1, 'Cluster 10': 1, 'Cluster 37': 2, 'Cluster 6': 2}
violaxanthin, antheraxanthin and zeaxanthin interconversion	{'NA': 8, 'Cluster 23': 1}
UDP-<i>N</i>-acetyl-D-glucosamine biosynthesis II	{'NA': 12, 'Cluster 37': 1, 'Cluster 25': 1, 'Cluster 58': 1, 'Cluster 27': 1}
juniperonate biosynthesis	{'NA': 3, 'Cluster 8': 1, 'Cluster 2': 1}
taurine biosynthesis II	{'NA': 1}
<i>Spodoptera littoralis</i> pheromone biosynthesis	{'NA': 44, 'Cluster 59': 1, 'Cluster 42': 1, 'Cluster 58': 1, 'Cluster 14': 1, 'Cluster 24': 1, 'Cluster 3': 1, 'Cluster 51': 1}
hydroxymethylpyrimidine salvage	{'NA': 2}
phosphatidylserine and phosphatidylethanolamine biosynthesis I	{'NA': 2}
phosphatidylcholine biosynthesis VII	{'NA': 1}
nitric oxide biosynthesis I (plants)	{'NA': 14}
phosphatidylcholine acyl editing	{'NA': 15, 'Cluster 9': 1, 'Cluster 11': 1}
4-amino-2-methyl-5-diphosphomethylpyrimidine biosynthesis I	{'NA': 3}
cellulose degradation II (fungi)	{'NA': 5, 'Cluster 57': 1}
L-glutamate degradation VI (to pyruvate)	{'NA': 1}
L-cysteine degradation II	{'NA': 1, 'Cluster 20': 1}
adenosine deoxyribonucleotides <i>de novo</i> biosynthesis I	{'NA': 5, 'Cluster 31': 1, 'Cluster 62': 2, 'Cluster 13': 1}
L-cysteine biosynthesis VII (from <i>S</i>-sulfo-L-cysteine)	{'NA': 3}
putrescine biosynthesis III	{'NA': 11, 'Cluster 56': 1, 'Cluster 39': 1, 'Cluster 38': 1}
pyrimidine ribonucleosides salvage II	{'NA': 21, 'Cluster 14': 1, 'Cluster 20': 1, 'Cluster 8': 1}
L-tyrosine biosynthesis IV	{'NA': 2}
superpathway of sterol biosynthesis in diatoms	{'NA': 5, 'Cluster 26': 2}
heme <i>a</i> biosynthesis	{'NA': 2}
propanoyl CoA degradation I	{'NA': 6}
L-phenylalanine degradation I (aerobic)	{'NA': 2}
UDP-&alpha;-D-galactofuranose biosynthesis	{'NA': 4}
cell-surface glycoconjugate-linked phosphocholine biosynthesis	{'NA': 4}
<i>cis</i>-alkene biosynthesis	{'NA': 1}
chitin deacetylation	{'NA': 6, 'Cluster 31': 1, 'Cluster 40': 1}
xyloglucan degradation II (exoglucanase)	{'NA': 1}
CO<sub>2</sub> fixation into oxaloacetate (anaplerotic)	{'NA': 12, 'Cluster 41': 1, 'Cluster 31': 1}
thiamine diphosphate biosynthesis I (E. coli)	{'NA': 1, 'Cluster 61': 1}
glycogen degradation II	{'NA': 36, 'Cluster 55': 1, 'Cluster 48': 2, 'Cluster 36': 1, 'Cluster 10': 1, 'Cluster 11': 1, 'Cluster 27': 1}
CMP phosphorylation	{'NA': 16, 'Cluster 1': 1, 'Cluster 13': 1}
L-citrulline degradation	{'NA': 9, 'Cluster 52': 2, 'Cluster 3': 1, 'Cluster 4': 1, 'Cluster 6': 1}
allantoin degradation to ureidoglycolate I (urea producing)	{'NA': 0, 'Cluster 31': 1, 'Cluster 17': 1}
L-tryptophan degradation II (via pyruvate)	{'NA': 2, 'Cluster 7': 1}
thiamine diphosphate biosynthesis II (Bacillus)	{'NA': 1, 'Cluster 61': 1}
Kdo transfer to lipid IV<sub>A</sub> I (E. coli)	{'NA': 4, 'Cluster 46': 1, 'Cluster 57': 1}
phytol degradation	{'NA': 18, 'Cluster 9': 1, 'Cluster 11': 1}
maltose degradation	{'NA': 1}
dTDP-&beta;-L-rhamnose biosynthesis	{'NA': 2, 'Cluster 56': 1}
L-valine biosynthesis	{'NA': 3, 'Cluster 37': 1}
pyrimidine ribonucleosides degradation	{'NA': 21, 'Cluster 14': 1, 'Cluster 20': 1}
L-lysine biosynthesis VI	{'NA': 41, 'Cluster 55': 1, 'Cluster 56': 1, 'Cluster 39': 1, 'Cluster 27': 2, 'Cluster 72': 1, 'Cluster 32': 1, 'Cluster 33': 1, 'Cluster 44': 1, 'Cluster 17': 1, 'Cluster 7': 1, 'Cluster 3': 1, 'Cluster 57': 1}
L-methionine degradation III	{'NA': 2}
D-<i>myo</i>-inositol-5-phosphate metabolism	{'NA': 4}
xyloglucan degradation III (cellobiohydrolase)	{'NA': 1}
geranyl diphosphate biosynthesis	{'NA': 10, 'Cluster 77': 1, 'Cluster 60': 1, 'Cluster 11': 1, 'Cluster 3': 1}
phosphopantothenate biosynthesis III (archaea)	{'NA': 3}
protein <i>N</i>-glycosylation initial phase (eukaryotic)	{'NA': 20}
L-rhamnose degradation II	{'NA': 2}
L-glutamine degradation II	{'NA': 1}
pyrimidine ribonucleosides salvage I	{'NA': 22, 'Cluster 14': 1, 'Cluster 20': 1, 'Cluster 10': 1}
Kdo transfer to lipid IV<sub>A</sub> (<i>P. gingivalis</i>)	{'NA': 4, 'Cluster 46': 1, 'Cluster 57': 1}
pyrimidine nucleobases salvage I	{'NA': 2}
starch degradation I	{'NA': 1}
melibiose degradation	{'NA': 1}
phosphopantothenate biosynthesis I	{'NA': 5, 'Cluster 1': 1}
phosphatidylinositol biosynthesis II (eukaryotes)	{'NA': 2}
protein <I>O</i>-mannosylation II (mammals, core M1 and core M2)	{'NA': 5}
anandamide degradation	{'NA': 1}
sucrose degradation III (sucrose invertase)	{'NA': 9, 'Cluster 10': 1, 'Cluster 58': 1, 'Cluster 27': 1}
formaldehyde oxidation II (glutathione-dependent)	{'NA': 2, 'Cluster 4': 1, 'Cluster 7': 1}
ATP biosynthesis	{'NA': 39, 'Cluster 20': 1, 'Cluster 76': 2, 'Cluster 39': 3, 'Cluster 30': 1}
L-leucine biosynthesis	{'NA': 5, 'Cluster 41': 1, 'Cluster 61': 1}
glutathione degradation (DUG pathway - yeast)	{'NA': 1}
betulinate biosynthesis	{'NA': 1}
UMP biosynthesis I	{'NA': 9, 'Cluster 52': 2, 'Cluster 3': 1, 'Cluster 4': 1, 'Cluster 6': 1, 'Cluster 61': 1, 'Cluster 58': 1}
lactose degradation II	{'NA': 1}
fructose 2,6-bisphosphate biosynthesis	{'NA': 3}
salidroside biosynthesis	{'NA': 3}
spermidine biosynthesis I	{'NA': 14, 'Cluster 48': 1, 'Cluster 76': 1, 'Cluster 32': 1, 'Cluster 16': 1, 'Cluster 11': 1, 'Cluster 3': 1, 'Cluster 6': 1, 'Cluster 39': 1, 'Cluster 5': 1}
L-phenylalanine biosynthesis I	{'NA': 52, 'Cluster 22': 1, 'Cluster 59': 1, 'Cluster 17': 1, 'Cluster 7': 1, 'Cluster 55': 2, 'Cluster 27': 1, 'Cluster 10': 1, 'Cluster 37': 2, 'Cluster 6': 2, 'Cluster 60': 1}
formate oxidation to CO<sub>2</sub>	{'NA': 0, 'Cluster 12': 2}
UDP-&alpha;-D-glucose biosynthesis	{'NA': 6, 'Cluster 25': 1, 'Cluster 16': 1, 'Cluster 10': 1, 'Cluster 11': 1}
GDP-L-colitose biosynthesis	{'NA': 6, 'Cluster 8': 1, 'Cluster 13': 1, 'Cluster 34': 1, 'Cluster 56': 2, 'Cluster 57': 1}
fatty acid elongation -- saturated	{'NA': 3, 'Cluster 57': 2, 'Cluster 25': 1}
homocysteine and cysteine interconversion	{'NA': 9, 'Cluster 21': 1, 'Cluster 27': 1, 'Cluster 58': 1}
L-isoleucine biosynthesis I (from threonine)	{'NA': 5, 'Cluster 37': 1}
UDP-<i>N</i>-acetyl-&alpha;-D-mannosaminouronate biosynthesis	{'NA': 0, 'Cluster 12': 1}
rutin degradation	{'NA': 3}
photosynthesis light reactions	{'NA': 35, 'Cluster 33': 2, 'Cluster 17': 2, 'Cluster 3': 4, 'Cluster 5': 1, 'Cluster 30': 1, 'Cluster 6': 1, 'Cluster 7': 1}
UDP-&alpha;-D-glucuronate biosynthesis (from UDP-glucose)	{'NA': 1, 'Cluster 12': 1}
glutathione-mediated detoxification I	{'NA': 26}
L-cysteine biosynthesis III (from L-homocysteine)	{'NA': 8, 'Cluster 21': 1, 'Cluster 27': 1, 'Cluster 58': 1}
succinate to cytochrome <i>c</i> oxidase via plastocyanin	{'NA': 17, 'Cluster 30': 1, 'Cluster 1': 1, 'Cluster 35': 1, 'Cluster 10': 1, 'Cluster 27': 1}
spermine biosynthesis	{'NA': 14, 'Cluster 48': 1, 'Cluster 76': 1, 'Cluster 32': 1, 'Cluster 16': 1, 'Cluster 11': 1, 'Cluster 3': 1, 'Cluster 6': 1, 'Cluster 39': 1, 'Cluster 5': 1}
protein NEDDylation	{'NA': 2}
oleate biosynthesis III (cyanobacteria)	{'NA': 5, 'Cluster 14': 1, 'Cluster 16': 1}
ammonia assimilation cycle III	{'NA': 24, 'Cluster 27': 1, 'Cluster 16': 2, 'Cluster 80': 3, 'Cluster 13': 1, 'Cluster 8': 1, 'Cluster 63': 1, 'Cluster 40': 2, 'Cluster 52': 2, 'Cluster 3': 1, 'Cluster 4': 1, 'Cluster 6': 1, 'Cluster 10': 1, 'Cluster 60': 1}
phytol salvage pathway	{'NA': 2}
fatty acid &beta;-oxidation II (plant peroxisome)	{'NA': 56, 'Cluster 9': 1, 'Cluster 11': 1, 'Cluster 51': 1, 'Cluster 3': 1, 'Cluster 24': 1, 'Cluster 14': 1, 'Cluster 58': 1, 'Cluster 42': 1, 'Cluster 59': 1}
L-isoleucine degradation II	{'NA': 4}
spermidine biosynthesis III	{'NA': 10, 'Cluster 39': 2, 'Cluster 32': 1, 'Cluster 3': 1, 'Cluster 6': 1, 'Cluster 5': 1}
glutathione-mediated detoxification II	{'NA': 26}
L-tyrosine biosynthesis I	{'NA': 45, 'Cluster 52': 1, 'Cluster 22': 1, 'Cluster 59': 1, 'Cluster 7': 1, 'Cluster 55': 2, 'Cluster 27': 1, 'Cluster 10': 1, 'Cluster 37': 2, 'Cluster 6': 2, 'Cluster 60': 1}
oxalate degradation VI	{'NA': 3, 'Cluster 12': 2}
neurosporaxanthin biosynthesis	{'NA': 4, 'Cluster 43': 1}
stigma estolide biosynthesis	{'NA': 13, 'Cluster 14': 2, 'Cluster 16': 1, 'Cluster 12': 1, 'Cluster 46': 1}
solasodine glycosylation	{'NA': 2}
mitochondrial NADPH production (yeast)	{'NA': 22}
adenosylcobalamin salvage from cobalamin	{'NA': 0, 'Cluster 46': 1}
L-tyrosine degradation I	{'NA': 49, 'Cluster 14': 1, 'Cluster 22': 1, 'Cluster 59': 1, 'Cluster 7': 1, 'Cluster 55': 2, 'Cluster 27': 1, 'Cluster 10': 1, 'Cluster 37': 2, 'Cluster 6': 2, 'Cluster 60': 1}
stearate biosynthesis II (bacteria and plants)	{'NA': 17, 'Cluster 57': 2, 'Cluster 25': 1, 'Cluster 11': 1, 'Cluster 9': 1}
ethanol degradation II	{'NA': 5, 'Cluster 40': 1}
L-phenylalanine degradation III	{'NA': 52, 'Cluster 22': 1, 'Cluster 59': 1, 'Cluster 17': 1, 'Cluster 7': 1, 'Cluster 55': 2, 'Cluster 27': 1, 'Cluster 10': 1, 'Cluster 37': 2, 'Cluster 6': 2, 'Cluster 60': 1}
glycine biosynthesis I	{'NA': 5}
aerobic respiration I (cytochrome c)	{'NA': 90, 'Cluster 50': 1, 'Cluster 58': 1, 'Cluster 1': 2, 'Cluster 2': 2, 'Cluster 48': 1, 'Cluster 46': 2, 'Cluster 35': 1, 'Cluster 27': 1, 'Cluster 10': 1, 'Cluster 31': 1}
chlorophyll <i>b</i><sub>2</sub> biosynthesis	{'NA': 6}
L-phenylalanine degradation II (anaerobic)	{'NA': 51, 'Cluster 22': 1, 'Cluster 59': 1, 'Cluster 17': 1, 'Cluster 7': 1, 'Cluster 55': 2, 'Cluster 27': 1, 'Cluster 10': 1, 'Cluster 37': 2, 'Cluster 6': 2, 'Cluster 60': 1}
L-glutamine biosynthesis I	{'NA': 3, 'Cluster 27': 1, 'Cluster 16': 1, 'Cluster 80': 3}
cinnamate and 3-hydroxycinnamate degradation to 2-hydroxypentadienoate	{'NA': 2, 'Cluster 3': 1}
L-alanine biosynthesis II	{'NA': 0, 'Cluster 22': 1, 'Cluster 59': 1}
methylerythritol phosphate pathway II	{'NA': 8, 'Cluster 12': 1, 'Cluster 6': 1, 'Cluster 42': 1, 'Cluster 48': 1}
folate transformations III (<i>E. coli</i>)	{'NA': 20, 'Cluster 4': 1, 'Cluster 26': 1, 'Cluster 18': 1}
phosphatidylcholine biosynthesis V	{'NA': 2, 'Cluster 45': 1}
alkylnitronates degradation	{'NA': 4, 'Cluster 6': 1, 'Cluster 24': 1, 'Cluster 3': 1}
dehydro-D-arabinono-1,4-lactone biosynthesis	{'NA': 2, 'Cluster 57': 1}
protein ubiquitination	{'NA': 39, 'Cluster 14': 1, 'Cluster 58': 1, 'Cluster 51': 1}
L-glutamate biosynthesis IV	{'NA': 0, 'Cluster 10': 1}
indole glucosinolate activation (intact plant cell)	{'NA': 24}
superpathway of L-serine and glycine biosynthesis I	{'NA': 6, 'Cluster 55': 1, 'Cluster 56': 1}
CDP-diacylglycerol biosynthesis II	{'NA': 10, 'Cluster 14': 1, 'Cluster 16': 1}
glycerol-3-phosphate to fumarate electron transfer	{'NA': 3, 'Cluster 58': 1, 'Cluster 27': 1, 'Cluster 10': 1, 'Cluster 35': 1}
linustatin bioactivation	{'NA': 1}
superpathway of branched chain amino acid biosynthesis	{'NA': 8, 'Cluster 41': 1, 'Cluster 61': 1, 'Cluster 37': 1}
adenosine ribonucleotides <i>de novo</i> biosynthesis	{'NA': 16}
NAD salvage pathway I (PNC VI cycle)	{'NA': 5, 'Cluster 13': 1}
phosphatidylethanolamine biosynthesis II	{'NA': 5, 'Cluster 61': 1}
geranylgeranyl diphosphate biosynthesis	{'NA': 2, 'Cluster 11': 1}
L-homocysteine biosynthesis	{'NA': 2}
chlorophyll cycle	{'NA': 7}
NAD(P)/NADPH interconversion	{'NA': 64, 'Cluster 5': 1, 'Cluster 29': 1, 'Cluster 50': 1, 'Cluster 58': 1, 'Cluster 1': 1, 'Cluster 2': 2, 'Cluster 48': 1, 'Cluster 46': 2}
hydrogen production III	{'NA': 2}
tRNA splicing II	{'NA': 4}
L-serine biosynthesis I	{'NA': 1, 'Cluster 55': 1, 'Cluster 56': 1}
aerobic respiration II (cytochrome c) (yeast)	{'NA': 50, 'Cluster 35': 1, 'Cluster 27': 1, 'Cluster 10': 1, 'Cluster 31': 1, 'Cluster 1': 1}
thiamine triphosphate metabolism	{'NA': 1}
glucosinolate biosynthesis from tetrahomomethionine	{'NA': 2}
acetaldehyde biosynthesis I	{'NA': 2}
NAD phosphorylation and transhydrogenation	{'NA': 10, 'Cluster 5': 1, 'Cluster 29': 1}
2-aminoethylphosphonate biosynthesis	{'NA': 3}
1D-<i>myo</i>-inositol hexakisphosphate biosynthesis IV (<i>Dictyostelium</i>)	{'NA': 6}
hydrogen sulfide biosynthesis II (mammalian)	{'NA': 9, 'Cluster 21': 1, 'Cluster 27': 1, 'Cluster 58': 1, 'Cluster 20': 1}
glycerol-3-phosphate shuttle	{'NA': 2, 'Cluster 25': 1, 'Cluster 58': 1}
alanine racemization	{'NA': 6, 'Cluster 4': 1, 'Cluster 56': 1, 'Cluster 39': 1}
lanosterol biosynthesis	{'NA': 1}
L-cysteine biosynthesis II (tRNA-dependent)	{'NA': 1}
3-phenylpropanoate and 3-(3-hydroxyphenyl)propanoate degradation to 2-hydroxypentadienoate	{'NA': 2, 'Cluster 3': 1}
ceramide degradation (generic)	{'NA': 1}
glycerophosphodiester degradation	{'NA': 7, 'Cluster 4': 1, 'Cluster 58': 1}
L-glutamate degradation I	{'NA': 10, 'Cluster 40': 1, 'Cluster 52': 1, 'Cluster 65': 1, 'Cluster 6': 1, 'Cluster 57': 1}
NAD phosphorylation and dephosphorylation	{'NA': 11, 'Cluster 5': 1, 'Cluster 29': 1}
L-cysteine degradation I	{'NA': 2}
plasmalogen biosynthesis	{'NA': 12, 'Cluster 61': 1, 'Cluster 14': 2, 'Cluster 16': 1}
sterculate biosynthesis	{'NA': 1}
coumarin biosynthesis (via 2-coumarate)	{'NA': 1}
thioredoxin pathway	{'NA': 1}
phosphate acquisition	{'NA': 17, 'Cluster 14': 3, 'Cluster 46': 1, 'Cluster 12': 1}
superpathway of guanosine nucleotides <i>de novo</i> biosynthesis I	{'NA': 11, 'Cluster 6': 1, 'Cluster 8': 1, 'Cluster 24': 1, 'Cluster 13': 2, 'Cluster 31': 1, 'Cluster 62': 2}
tRNA-uridine 2-thiolation (mammalian mitochondria)	{'NA': 4, 'Cluster 61': 1}
gala-series glycosphingolipids biosynthesis	{'NA': 4}
superpathway of adenosine nucleotides <i>de novo</i> biosynthesis I	{'NA': 21, 'Cluster 31': 1, 'Cluster 62': 2, 'Cluster 13': 1}
pseudouridine degradation	{'NA': 1}
acetate conversion to acetyl-CoA	{'NA': 2, 'Cluster 40': 1}
pyruvate fermentation to acetate III	{'NA': 9}
ergosterol biosynthesis I	{'NA': 1, 'Cluster 26': 1}
NADP biosynthesis	{'NA': 8}
biotin biosynthesis from 8-amino-7-oxononanoate III	{'NA': 6}
superpathway of purine nucleotides <i>de novo</i> biosynthesis I	{'NA': 33, 'Cluster 53': 2, 'Cluster 61': 1, 'Cluster 6': 1, 'Cluster 8': 1, 'Cluster 24': 1, 'Cluster 13': 2, 'Cluster 31': 1, 'Cluster 62': 2}
fatty acid biosynthesis initiation (mitochondria)	{'NA': 4, 'Cluster 57': 2, 'Cluster 25': 1, 'Cluster 3': 1}
hydrogen production VIII	{'NA': 2}
cyclopropane fatty acid (CFA) biosynthesis	{'NA': 1}
cyanate degradation	{'NA': 9, 'Cluster 41': 1, 'Cluster 31': 1}
GDP-L-fucose biosynthesis I (from GDP-D-mannose)	{'NA': 6, 'Cluster 13': 1, 'Cluster 34': 1, 'Cluster 56': 2, 'Cluster 57': 1, 'Cluster 8': 1}
Entner-Doudoroff pathway I	{'NA': 21, 'Cluster 3': 1, 'Cluster 8': 1, 'Cluster 1': 1, 'Cluster 27': 2, 'Cluster 76': 1, 'Cluster 51': 1, 'Cluster 13': 2, 'Cluster 17': 1}
N<sup>6</sup>-L-threonylcarbamoyladenosine<sup>37</sup>-modified tRNA biosynthesis	{'NA': 0, 'Cluster 53': 1}
&beta;-1,4-D-mannosyl-<i>N</i>-acetyl-D-glucosamine degradation	{'NA': 0, 'Cluster 8': 1, 'Cluster 50': 2}
tetrahydropteridine recycling	{'NA': 4}
lotaustralin degradation	{'NA': 1}
arsenic detoxification (yeast)	{'NA': 7, 'Cluster 65': 1}
hypusine biosynthesis	{'NA': 2}
cholesterol biosynthesis (algae, late side-chain reductase)	{'NA': 5, 'Cluster 26': 2}
ethanol degradation IV	{'NA': 6, 'Cluster 40': 1}
ammonia assimilation cycle I	{'NA': 3, 'Cluster 10': 1, 'Cluster 27': 1, 'Cluster 16': 1, 'Cluster 80': 3}
divinyl ether biosynthesis I	{'NA': 1}
L-cysteine biosynthesis I	{'NA': 9, 'Cluster 21': 1, 'Cluster 27': 1, 'Cluster 58': 1}
L-phenylalanine degradation V	{'NA': 6}
phospholipid remodeling (phosphatidate, yeast)	{'NA': 4, 'Cluster 14': 1, 'Cluster 16': 1}
reactive oxygen species degradation	{'NA': 11, 'Cluster 1': 1, 'Cluster 7': 1, 'Cluster 5': 1, 'Cluster 9': 1, 'Cluster 22': 1}
L-ascorbate biosynthesis VI (plants, <i>myo</i>-inositol pathway)	{'NA': 4}
8-amino-7-oxononanoate biosynthesis IV	{'NA': 5}
GDP-L-fucose biosynthesis II (from L-fucose)	{'NA': 1, 'Cluster 16': 1}
<i>trans</i>-lycopene biosynthesis II (oxygenic phototrophs and green sulfur bacteria)	{'NA': 8, 'Cluster 60': 1, 'Cluster 3': 1}
flavin biosynthesis I (bacteria and plants)	{'NA': 12, 'Cluster 53': 1}
UDP-&alpha;-D-xylose biosynthesis	{'NA': 4, 'Cluster 12': 1}
succinate to chytochrome <i>c</i> oxidase via cytochrome <i>c</i><sub>6</sub>	{'NA': 12, 'Cluster 1': 1, 'Cluster 35': 1, 'Cluster 10': 1, 'Cluster 27': 1}
mRNA capping I	{'NA': 10}
ubiquinol-10 biosynthesis (late decarboxylation)	{'NA': 5, 'Cluster 14': 1}
neolinustatin bioactivation	{'NA': 1}
assimilatory sulfate reduction II	{'NA': 3}
arsenite methylation (bacterial)	{'NA': 5, 'Cluster 65': 1}
<i>S</i>-methyl-5'-thioadenosine degradation I	{'NA': 3}
oxygenic photosynthesis	{'NA': 63, 'Cluster 33': 3, 'Cluster 17': 3, 'Cluster 3': 4, 'Cluster 5': 1, 'Cluster 30': 1, 'Cluster 6': 1, 'Cluster 7': 1, 'Cluster 8': 1, 'Cluster 1': 1, 'Cluster 67': 1, 'Cluster 16': 1, 'Cluster 14': 1}
GDP-mannose biosynthesis	{'NA': 3, 'Cluster 50': 2, 'Cluster 8': 1, 'Cluster 58': 1}
trehalose biosynthesis II	{'NA': 3}
ursolate biosynthesis	{'NA': 1}
<i>myo</i>-inositol biosynthesis	{'NA': 5, 'Cluster 43': 1}
UTP and CTP dephosphorylation II	{'NA': 11}
putrescine degradation II	{'NA': 0, 'Cluster 27': 1, 'Cluster 80': 3}
1D-<i>myo</i>-inositol hexakisphosphate biosynthesis V (from Ins(1,3,4)P3)	{'NA': 4}
2-oxobutanoate degradation I	{'NA': 7}
tRNA methylation (yeast)	{'NA': 5, 'Cluster 53': 1, 'Cluster 43': 2, 'Cluster 46': 1, 'Cluster 15': 2, 'Cluster 37': 1}
acrylonitrile degradation I	{'NA': 2, 'Cluster 7': 1}
hydrogen oxidation I (aerobic)	{'NA': 1}
protein <i>N</i>-glycosylation processing phase (plants and animals)	{'NA': 4}
sterol biosynthesis (methylotrophs)	{'NA': 2, 'Cluster 26': 2}
thymine degradation	{'NA': 1}
valproate &beta;-oxidation	{'NA': 44, 'Cluster 51': 1, 'Cluster 3': 1, 'Cluster 24': 1, 'Cluster 14': 1, 'Cluster 58': 1, 'Cluster 42': 1, 'Cluster 59': 1}
lipoate biosynthesis and incorporation IV (yeast)	{'NA': 4, 'Cluster 16': 1, 'Cluster 8': 1}
UTP and CTP <i>de novo</i> biosynthesis	{'NA': 30, 'Cluster 13': 1}
nitric oxide biosynthesis II (mammals)	{'NA': 17}
<i>anteiso</i>-branched-chain fatty acid biosynthesis	{'NA': 6, 'Cluster 57': 2, 'Cluster 25': 1}
C20 prostanoid biosynthesis	{'NA': 7, 'Cluster 10': 1, 'Cluster 28': 1}
phosphatidylglycerol biosynthesis I (plastidic)	{'NA': 13, 'Cluster 14': 1, 'Cluster 16': 1}
phosphatidylglycerol biosynthesis II (non-plastidic)	{'NA': 14, 'Cluster 14': 1, 'Cluster 16': 1}
seleno-amino acid biosynthesis (plants)	{'NA': 8, 'Cluster 21': 1, 'Cluster 58': 1}
superpathway of pyrimidine ribonucleotides <i>de novo</i> biosynthesis	{'NA': 39, 'Cluster 52': 2, 'Cluster 3': 1, 'Cluster 4': 1, 'Cluster 6': 1, 'Cluster 61': 1, 'Cluster 58': 1, 'Cluster 13': 1}
oleate biosynthesis I (plants)	{'NA': 15, 'Cluster 11': 1, 'Cluster 9': 1}
sucrose degradation V (sucrose &alpha;-glucosidase)	{'NA': 17, 'Cluster 67': 1, 'Cluster 33': 1, 'Cluster 17': 1}
pentose phosphate pathway	{'NA': 17, 'Cluster 14': 1, 'Cluster 3': 1}
gluconeogenesis III	{'NA': 32, 'Cluster 16': 1, 'Cluster 67': 1, 'Cluster 8': 1, 'Cluster 1': 1, 'Cluster 27': 2, 'Cluster 76': 1, 'Cluster 51': 1, 'Cluster 33': 1, 'Cluster 17': 1, 'Cluster 6': 1, 'Cluster 52': 1, 'Cluster 58': 2, 'Cluster 20': 1}
arginine dependent acid resistance	{'NA': 1, 'Cluster 39': 1}
nitrate reduction II (assimilatory)	{'NA': 1, 'Cluster 49': 1}
superpathway of geranylgeranyldiphosphate biosynthesis I (via mevalonate)	{'NA': 22, 'Cluster 17': 1, 'Cluster 77': 1, 'Cluster 60': 1, 'Cluster 3': 1, 'Cluster 42': 1, 'Cluster 48': 1, 'Cluster 11': 1}
lipoate biosynthesis and incorporation I	{'NA': 4, 'Cluster 16': 1, 'Cluster 8': 1}
5-oxo-L-proline metabolism	{'NA': 8}
urea cycle	{'NA': 19, 'Cluster 38': 1, 'Cluster 52': 2, 'Cluster 3': 1, 'Cluster 4': 1, 'Cluster 6': 1}
shikimate degradation II	{'NA': 2}
phosphatidate biosynthesis (yeast)	{'NA': 8, 'Cluster 14': 1, 'Cluster 16': 1, 'Cluster 25': 1}
tetrahydrofolate biosynthesis	{'NA': 9, 'Cluster 4': 1, 'Cluster 26': 1}
arsenic detoxification (plants)	{'NA': 2}
heterolactic fermentation	{'NA': 30, 'Cluster 14': 1, 'Cluster 8': 1, 'Cluster 1': 1, 'Cluster 27': 3, 'Cluster 76': 1, 'Cluster 51': 1, 'Cluster 13': 2, 'Cluster 17': 1, 'Cluster 3': 1, 'Cluster 10': 1, 'Cluster 58': 1}
8-oxo-(d)GTP detoxification II	{'NA': 1}
chitin degradation II (Vibrio)	{'NA': 23, 'Cluster 2': 1}
triacylglycerol degradation	{'NA': 7, 'Cluster 35': 1, 'Cluster 20': 1, 'Cluster 74': 1, 'Cluster 11': 1}
phenylethylamine degradation I	{'NA': 2}
<i>cis</i>-vaccenate biosynthesis	{'NA': 3}
uracil degradation I (reductive)	{'NA': 1}
L-glutamine degradation I	{'NA': 19, 'Cluster 13': 1, 'Cluster 16': 1, 'Cluster 8': 1, 'Cluster 63': 1, 'Cluster 40': 1, 'Cluster 52': 2, 'Cluster 3': 1, 'Cluster 4': 1, 'Cluster 6': 1, 'Cluster 10': 1, 'Cluster 60': 1}
selenate reduction	{'NA': 1}
CDP-diacylglycerol biosynthesis I	{'NA': 11, 'Cluster 14': 1, 'Cluster 16': 1}
3-dehydroquinate biosynthesis I	{'NA': 3}
retinol biosynthesis	{'NA': 9}
formate assimilation into 5,10-methylenetetrahydrofolate	{'NA': 5, 'Cluster 4': 1}
L-threonine degradation III (to methylglyoxal)	{'NA': 1}
palmitoleate biosynthesis II (plants and bacteria)	{'NA': 1}
chorismate biosynthesis I	{'NA': 9, 'Cluster 52': 1}
all-<i>trans</i>-decaprenyl diphosphate biosynthesis	{'NA': 1}
canavanine biosynthesis	{'NA': 3}
nickel cofactor biosynthesis	{'NA': 2}
fructan biosynthesis	{'NA': 6}
glycine biosynthesis IV	{'NA': 2, 'Cluster 7': 1}
phospholipid remodeling (phosphatidylethanolamine, yeast)	{'NA': 23, 'Cluster 37': 1, 'Cluster 46': 1, 'Cluster 4': 2, 'Cluster 32': 1, 'Cluster 20': 1}
diacylglycerol and triacylglycerol biosynthesis	{'NA': 31, 'Cluster 46': 1, 'Cluster 12': 1, 'Cluster 14': 2, 'Cluster 16': 1}
phosphatidate metabolism, as a signaling molecule	{'NA': 16, 'Cluster 10': 1}
assimilatory sulfate reduction IV	{'NA': 7}
1,3-&beta;-D-glucan biosynthesis	{'NA': 1}
5'-deoxyadenosine degradation II	{'NA': 6}
24-<i>epi</i>-campesterol, fucosterol, and clionasterol biosynthesis (diatoms)	{'NA': 5, 'Cluster 26': 1}
sulfate activation for sulfonation	{'NA': 2}
tetrapyrrole biosynthesis I (from glutamate)	{'NA': 9}
quinate degradation II	{'NA': 1}
S-methyl-L-methionine cycle	{'NA': 2, 'Cluster 6': 1}
galactolipid biosynthesis I	{'NA': 5, 'Cluster 48': 2}
tRNA charging	{'NA': 40, 'Cluster 12': 3, 'Cluster 37': 1, 'Cluster 56': 2, 'Cluster 60': 2, 'Cluster 61': 2, 'Cluster 9': 1, 'Cluster 43': 1, 'Cluster 8': 1}
heme degradation I	{'NA': 6}
tetrahydrofolate salvage from 5,10-methenyltetrahydrofolate	{'NA': 3, 'Cluster 61': 1, 'Cluster 4': 1}
folate polyglutamylation	{'NA': 9}
coenzyme B/coenzyme M regeneration I (methanophenazine-dependent)	{'NA': 1}
5-aminoimidazole ribonucleotide biosynthesis I	{'NA': 0, 'Cluster 53': 2, 'Cluster 61': 1}
D-galactose degradation I (Leloir pathway)	{'NA': 10, 'Cluster 17': 1, 'Cluster 10': 1, 'Cluster 11': 1}
L-methionine salvage from L-homocysteine	{'NA': 2, 'Cluster 6': 1}
monoacylglycerol metabolism (yeast)	{'NA': 23, 'Cluster 37': 1, 'Cluster 46': 1, 'Cluster 4': 1, 'Cluster 11': 1, 'Cluster 32': 1, 'Cluster 74': 1}
&alpha;-carotene biosynthesis	{'NA': 1, 'Cluster 51': 1}
pyridoxal 5'-phosphate biosynthesis I	{'NA': 5, 'Cluster 25': 1, 'Cluster 55': 1}
L-selenocysteine biosynthesis II (archaea and eukaryotes)	{'NA': 6}
phytochromobilin biosynthesis	{'NA': 2}
<i>S</i>-methyl-5'-thioadenosine degradation II	{'NA': 1}
cadaverine biosynthesis	{'NA': 2}
L-homoserine biosynthesis	{'NA': 17, 'Cluster 27': 1}
glucosinolate biosynthesis from phenylalanine	{'NA': 2}
chorismate biosynthesis from 3-dehydroquinate	{'NA': 6, 'Cluster 52': 1}
aspirin triggered resolvin E biosynthesis	{'NA': 4}
ergosterol biosynthesis II	{'NA': 4, 'Cluster 26': 1}
icosapentaenoate biosynthesis II (6-desaturase, mammals)	{'NA': 16, 'Cluster 9': 1, 'Cluster 11': 1, 'Cluster 2': 1, 'Cluster 8': 1}
ceramide <i>de novo</i> biosynthesis	{'NA': 3}
flexixanthin biosynthesis	{'NA': 1, 'Cluster 51': 1}
wax esters biosynthesis I	{'NA': 5}
&beta;-D-glucuronide and D-glucuronate degradation	{'NA': 1}
protein citrullination	{'NA': 1}
wax esters biosynthesis II	{'NA': 19, 'Cluster 9': 1, 'Cluster 11': 1}
UDP-D-apiose biosynthesis (from UDP-D-glucuronate)	{'NA': 1}
inosine-5'-phosphate biosynthesis II	{'NA': 7}
palmitate biosynthesis (type II fatty acid synthase)	{'NA': 17, 'Cluster 57': 2, 'Cluster 25': 1, 'Cluster 11': 1, 'Cluster 9': 1}
citrate degradation	{'NA': 5}
NAD <i>de novo</i> biosynthesis I (from aspartate)	{'NA': 5, 'Cluster 13': 1, 'Cluster 2': 1}
adenosylcobinamide-GDP biosynthesis from cobyrinate <i>a,c</i>-diamide	{'NA': 1, 'Cluster 34': 1, 'Cluster 46': 1}
methyl indole-3-acetate interconversion	{'NA': 5}
sporopollenin precursors biosynthesis	{'NA': 18, 'Cluster 11': 1, 'Cluster 9': 1}
L-valine degradation I	{'NA': 36, 'Cluster 51': 1, 'Cluster 3': 1, 'Cluster 24': 1, 'Cluster 14': 1, 'Cluster 58': 1, 'Cluster 42': 1}
phenylacetate degradation I (aerobic)	{'NA': 33, 'Cluster 51': 1, 'Cluster 3': 1, 'Cluster 24': 1, 'Cluster 14': 1, 'Cluster 58': 1, 'Cluster 42': 1}
L-phenylalanine biosynthesis III (cytosolic, plants)	{'NA': 1}
L-valine degradation III (oxidative Stickland reaction)	{'NA': 3}
9-<i>cis</i>, 11-<i>trans</i>-octadecadienoyl-CoA degradation (isomerase-dependent, yeast)	{'NA': 10, 'Cluster 59': 1}
Arg/N-end rule pathway (eukaryotic)	{'NA': 9, 'Cluster 37': 1, 'Cluster 34': 1}
chlorophyll <i>a</i> biosynthesis I	{'NA': 4}
L-threonine biosynthesis	{'NA': 3, 'Cluster 53': 1}
L-alanine biosynthesis III	{'NA': 3}
PRPP biosynthesis	{'NA': 2}
guanine and guanosine salvage II	{'NA': 2, 'Cluster 5': 1}
glycolysis III (from glucose)	{'NA': 27, 'Cluster 10': 1, 'Cluster 27': 4, 'Cluster 67': 1, 'Cluster 33': 1, 'Cluster 17': 2, 'Cluster 8': 1, 'Cluster 1': 1, 'Cluster 51': 1, 'Cluster 13': 2, 'Cluster 58': 1, 'Cluster 76': 1}
ethene biosynthesis I (plants)	{'NA': 1}
demethylmenaquinol-8 biosynthesis I	{'NA': 0, 'Cluster 77': 1}
<i>S</i>-adenosyl-L-methionine salvage II	{'NA': 1, 'Cluster 34': 1}
glycerol degradation II	{'NA': 5}
D-<i>myo</i>-inositol (1,4,5)-trisphosphate degradation	{'NA': 3}
glutaryl-CoA degradation	{'NA': 36, 'Cluster 59': 1, 'Cluster 42': 1, 'Cluster 58': 1, 'Cluster 14': 1, 'Cluster 24': 1, 'Cluster 3': 1, 'Cluster 51': 1}
sulfide oxidation II (flavocytochrome <em>c</em>)	{'NA': 1, 'Cluster 35': 1}
pyrimidine deoxyribonucleotides <i>de novo</i> biosynthesis I	{'NA': 52, 'Cluster 48': 1, 'Cluster 4': 1, 'Cluster 14': 1, 'Cluster 42': 1, 'Cluster 10': 2, 'Cluster 73': 1, 'Cluster 20': 1, 'Cluster 13': 1, 'Cluster 62': 2, 'Cluster 31': 1, 'Cluster 26': 1, 'Cluster 18': 1}
phenylmercury acetate degradation	{'NA': 3}
gliotoxin biosynthesis	{'NA': 30, 'Cluster 10': 1, 'Cluster 12': 1}
siroheme biosynthesis	{'NA': 1, 'Cluster 12': 1}
fatty acid &beta;-oxidation III (unsaturated, odd number)	{'NA': 11, 'Cluster 24': 1, 'Cluster 42': 1}
propanoyl-CoA degradation II	{'NA': 8, 'Cluster 59': 1}
L-glutamate degradation II	{'NA': 42, 'Cluster 22': 1, 'Cluster 59': 1, 'Cluster 7': 1, 'Cluster 55': 2, 'Cluster 27': 1, 'Cluster 10': 1, 'Cluster 37': 2, 'Cluster 6': 2, 'Cluster 60': 1}
acyl carrier protein activation	{'NA': 1}
phenylethanol biosynthesis	{'NA': 4}
chlorophyll <i>a</i><sub>2</sub> biosynthesis	{'NA': 2}
Entner-Doudoroff shunt	{'NA': 2}
L-ascorbate biosynthesis II (plants, L-gulose pathway)	{'NA': 1}
oleate &beta;-oxidation	{'NA': 60, 'Cluster 11': 1, 'Cluster 9': 1, 'Cluster 59': 1, 'Cluster 42': 1, 'Cluster 58': 1, 'Cluster 14': 1, 'Cluster 24': 1, 'Cluster 3': 1, 'Cluster 51': 1}
fatty acid &beta;-oxidation I (generic)	{'NA': 58, 'Cluster 9': 1, 'Cluster 11': 1, 'Cluster 59': 1, 'Cluster 51': 1, 'Cluster 3': 1, 'Cluster 24': 1, 'Cluster 14': 1, 'Cluster 58': 1, 'Cluster 42': 1}
mevalonate pathway I (eukaryotes and bacteria)	{'NA': 13, 'Cluster 17': 1, 'Cluster 42': 1, 'Cluster 48': 1}
di-<i>trans</i>,poly-<i>cis</i>-undecaprenyl phosphate biosynthesis	{'NA': 2}
tetradecanoate biosynthesis (mitochondria)	{'NA': 3, 'Cluster 57': 2, 'Cluster 25': 1}
pyrimidine deoxyribonucleotide phosphorylation	{'NA': 17, 'Cluster 13': 1}
L-aspartate biosynthesis	{'NA': 41, 'Cluster 22': 1, 'Cluster 59': 1, 'Cluster 7': 1, 'Cluster 55': 2, 'Cluster 27': 1, 'Cluster 10': 1, 'Cluster 37': 2, 'Cluster 6': 2, 'Cluster 60': 1}
glucosinolate biosynthesis from hexahomomethionine	{'NA': 2}
fatty acid &beta;-oxidation V (unsaturated, odd number, di-isomerase-dependent)	{'NA': 17, 'Cluster 59': 1, 'Cluster 24': 1, 'Cluster 42': 1}
thyroid hormone metabolism I (via deiodination)	{'NA': 2}
plastoquinol-9 biosynthesis I	{'NA': 3, 'Cluster 14': 1}
protein <I>O</i>-mannosylation I (yeast)	{'NA': 5}
L-arginine degradation II (AST pathway)	{'NA': 4}
<i>cis</i>-zeatin biosynthesis	{'NA': 1}
L-leucine degradation I	{'NA': 4}
acetyl-CoA biosynthesis from citrate	{'NA': 0, 'Cluster 27': 1, 'Cluster 10': 1}
2-arachidonoylglycerol biosynthesis	{'NA': 12, 'Cluster 20': 1, 'Cluster 35': 1, 'Cluster 12': 1, 'Cluster 46': 1, 'Cluster 14': 1}
odd <i>iso</i>-branched-chain fatty acid biosynthesis	{'NA': 6, 'Cluster 57': 2, 'Cluster 25': 1}
fatty acid &beta;-oxidation VII (yeast peroxisome)	{'NA': 24, 'Cluster 9': 1, 'Cluster 11': 1, 'Cluster 59': 1}
molybdopterin biosynthesis	{'NA': 7}
vitamin K-epoxide cycle	{'NA': 1, 'Cluster 60': 1}
10-<i>trans</i>-heptadecenoyl-CoA degradation (reductase-dependent, yeast)	{'NA': 10, 'Cluster 59': 1}
<i>S</i>-methyl-5-thio-&alpha;-D-ribose 1-phosphate degradation I	{'NA': 4, 'Cluster 39': 1, 'Cluster 27': 1}
vitamin E biosynthesis (tocopherols)	{'NA': 3, 'Cluster 14': 1}
cobalamin salvage (eukaryotic)	{'NA': 1, 'Cluster 46': 1}
malate/L-aspartate shuttle pathway	{'NA': 44, 'Cluster 22': 1, 'Cluster 59': 1, 'Cluster 7': 1, 'Cluster 55': 2, 'Cluster 27': 1, 'Cluster 10': 1, 'Cluster 37': 2, 'Cluster 6': 2, 'Cluster 60': 1, 'Cluster 58': 1, 'Cluster 20': 1}
L-histidine biosynthesis	{'NA': 16, 'Cluster 7': 1, 'Cluster 26': 1, 'Cluster 14': 1, 'Cluster 60': 1, 'Cluster 8': 1, 'Cluster 16': 1}
adeninyl adenosylcobamide biosynthesis from adenosylcobinamide-GDP	{'NA': 3}
queuosine biosynthesis II (queuine salvage)	{'NA': 4}
mixed acid fermentation	{'NA': 22, 'Cluster 1': 1, 'Cluster 13': 2, 'Cluster 17': 1, 'Cluster 27': 2, 'Cluster 10': 1, 'Cluster 35': 1, 'Cluster 61': 1, 'Cluster 41': 1, 'Cluster 58': 1, 'Cluster 20': 1}
benzimidazolyl adenosylcobamide biosynthesis from adenosylcobinamide-GDP	{'NA': 3}
7-(3-amino-3-carboxypropyl)-wyosine biosynthesis	{'NA': 4, 'Cluster 15': 1}
L-ornithine degradation I (L-proline biosynthesis)	{'NA': 2, 'Cluster 5': 1}
2,3-dihydroxybenzoate biosynthesis	{'NA': 1}
oleate biosynthesis II (animals and fungi)	{'NA': 5}
UDP-&alpha;-D-galactose biosynthesis	{'NA': 3}
very long chain fatty acid biosynthesis I	{'NA': 3, 'Cluster 2': 1, 'Cluster 8': 1}
serotonin and melatonin biosynthesis	{'NA': 3}
glucosinolate biosynthesis from trihomomethionine	{'NA': 2}
sulfide oxidation IV (mitochondria)	{'NA': 20, 'Cluster 37': 2, 'Cluster 12': 1}
ceramide and sphingolipid recycling and degradation (yeast)	{'NA': 16, 'Cluster 11': 1, 'Cluster 9': 1}
thiazole component of thiamine diphosphate biosynthesis II	{'NA': 6}
glycine cleavage	{'NA': 9, 'Cluster 58': 1}
vitamin E biosynthesis (tocotrienols)	{'NA': 2}
glyoxylate cycle	{'NA': 8, 'Cluster 27': 1, 'Cluster 61': 1, 'Cluster 58': 1, 'Cluster 20': 1}
reductive monocarboxylic acid cycle	{'NA': 8, 'Cluster 1': 1}
adenosylcobalamin biosynthesis from adenosylcobinamide-GDP I	{'NA': 3}
dTMP <i>de novo</i> biosynthesis (mitochondrial)	{'NA': 12, 'Cluster 4': 1, 'Cluster 26': 1, 'Cluster 18': 1}
mycothiol biosynthesis	{'NA': 4, 'Cluster 37': 1, 'Cluster 56': 1}
TCA cycle I (prokaryotic)	{'NA': 16, 'Cluster 27': 3, 'Cluster 10': 2, 'Cluster 58': 2, 'Cluster 61': 1, 'Cluster 41': 1, 'Cluster 20': 1, 'Cluster 35': 1}
guanosine nucleotides degradation III	{'NA': 9}
glycine biosynthesis II	{'NA': 9, 'Cluster 58': 1}
L-malate degradation II	{'NA': 2}
pyruvate fermentation to acetone	{'NA': 15, 'Cluster 4': 1}
GDP-L-galactose biosynthesis	{'NA': 1}
acyl-CoA hydrolysis	{'NA': 4}
cholesterol biosynthesis (diatoms)	{'NA': 5, 'Cluster 26': 2}
heme <i>b</i> biosynthesis I (aerobic)	{'NA': 6, 'Cluster 34': 1, 'Cluster 8': 1}
adenosylcobinamide-GDP salvage from cobinamide II	{'NA': 1, 'Cluster 34': 1, 'Cluster 46': 1}
L-arginine biosynthesis II (acetyl cycle)	{'NA': 14, 'Cluster 10': 1, 'Cluster 72': 1, 'Cluster 52': 2, 'Cluster 3': 1, 'Cluster 4': 1, 'Cluster 6': 1}
betaxanthin biosynthesis (via dopamine)	{'NA': 1}
4-aminobenzoate biosynthesis I	{'NA': 3}
L-isoleucine degradation I	{'NA': 37, 'Cluster 51': 1, 'Cluster 3': 1, 'Cluster 24': 1, 'Cluster 14': 1, 'Cluster 58': 1, 'Cluster 42': 1}
palmitoleate biosynthesis IV (fungi and animals)	{'NA': 5}
10-<i>cis</i>-heptadecenoyl-CoA degradation (yeast)	{'NA': 10, 'Cluster 59': 1}
phospholipid remodeling (phosphatidylcholine, yeast)	{'NA': 6}
catecholamine biosynthesis	{'NA': 3, 'Cluster 5': 1, 'Cluster 21': 1, 'Cluster 42': 1}
Entner-Doudoroff pathway II (non-phosphorylative)	{'NA': 18, 'Cluster 27': 1, 'Cluster 51': 1, 'Cluster 13': 2, 'Cluster 17': 1}
arachidonate biosynthesis I (6-desaturase, lower eukaryotes)	{'NA': 2, 'Cluster 8': 1, 'Cluster 2': 1}
Ac/N-end rule pathway	{'NA': 4, 'Cluster 37': 1}
<i>trans, trans</i>-farnesyl diphosphate biosynthesis	{'NA': 12, 'Cluster 77': 1, 'Cluster 60': 1, 'Cluster 11': 1, 'Cluster 3': 1, 'Cluster 42': 1, 'Cluster 48': 1}
molybdenum cofactor sulfulylation (eukaryotes)	{'NA': 2, 'Cluster 9': 1}
epoxysqualene biosynthesis	{'NA': 2, 'Cluster 60': 1, 'Cluster 3': 1}
long-chain fatty acid activation	{'NA': 14, 'Cluster 9': 1, 'Cluster 11': 1}
inositol diphosphates biosynthesis	{'NA': 4}
ricinoleate biosynthesis	{'NA': 1}
creatinine degradation I	{'NA': 7, 'Cluster 37': 1}
ultra-long-chain fatty acid biosynthesis	{'NA': 3, 'Cluster 8': 1, 'Cluster 2': 1}
1D-<i>myo</i>-inositol hexakisphosphate biosynthesis I (from Ins(1,4,5)P3)	{'NA': 3}
glutathione biosynthesis	{'NA': 3}
betanidin degradation	{'NA': 1}
phosphatidylglycerol degradation	{'NA': 1}
reductive TCA cycle I	{'NA': 27, 'Cluster 61': 1, 'Cluster 27': 2, 'Cluster 10': 2, 'Cluster 24': 1, 'Cluster 6': 1, 'Cluster 42': 1, 'Cluster 31': 1, 'Cluster 41': 1, 'Cluster 58': 1, 'Cluster 20': 1, 'Cluster 35': 1}
thiosulfate disproportionation IV (rhodanese)	{'NA': 19, 'Cluster 37': 2, 'Cluster 12': 1}
L-glutamate biosynthesis III	{'NA': 4, 'Cluster 40': 1}
5-methylbenzimidazolyl adenosylcobamide biosynthesis from adenosylcobinamide-GDP	{'NA': 3}
8-oxo-(d)GTP detoxification I	{'NA': 2}
adenosine nucleotides degradation II	{'NA': 16, 'Cluster 65': 1, 'Cluster 2': 1, 'Cluster 6': 1}
L-leucine degradation III	{'NA': 4}
oleandomycin activation/inactivation	{'NA': 4}
adenine salvage	{'NA': 3, 'Cluster 5': 1, 'Cluster 65': 1, 'Cluster 2': 1}
progesterone biosynthesis	{'NA': 1}
cytidylyl molybdenum cofactor sulfurylation	{'NA': 3}
L-glutamate biosynthesis I	{'NA': 22, 'Cluster 13': 1, 'Cluster 16': 1, 'Cluster 8': 1, 'Cluster 63': 1, 'Cluster 40': 2, 'Cluster 52': 2, 'Cluster 3': 1, 'Cluster 4': 1, 'Cluster 6': 1, 'Cluster 10': 1, 'Cluster 60': 1}
ketolysis	{'NA': 5}
arsenate detoxification I	{'NA': 1}
baicalein degradation (hydrogen peroxide detoxification)	{'NA': 1}
N-end rule pathway I (prokaryotic)	{'NA': 3}
protein <i>S</i>-nitrosylation and denitrosylation	{'NA': 2}
L-lysine degradation XI (mammalian)	{'NA': 2}
sphingosine and sphingosine-1-phosphate metabolism	{'NA': 16, 'Cluster 11': 1, 'Cluster 9': 1}
ophthalmate biosynthesis	{'NA': 3}
tRNA processing	{'NA': 4, 'Cluster 53': 1, 'Cluster 12': 1, 'Cluster 4': 1, 'Cluster 37': 1}
methylamine degradation I	{'NA': 1}
2-oxoisovalerate decarboxylation to isobutanoyl-CoA	{'NA': 9, 'Cluster 40': 1, 'Cluster 58': 1}
4-amino-2-methyl-5-diphosphomethylpyrimidine biosynthesis II	{'NA': 7, 'Cluster 53': 1, 'Cluster 25': 1, 'Cluster 1': 1}
arachidonate biosynthesis IV (8-detaturase, lower eukaryotes)	{'NA': 3, 'Cluster 8': 1, 'Cluster 2': 1}
sciadonate biosynthesis	{'NA': 3, 'Cluster 8': 1, 'Cluster 2': 1}
hydroxylated fatty acid biosynthesis (plants)	{'NA': 3, 'Cluster 8': 1, 'Cluster 2': 1}
5-hydroxybenzimidazolyl adenosylcobamide biosynthesis from adenosylcobinamide-GDP	{'NA': 3}
L-glutamate degradation IX (via 4-aminobutanoate)	{'NA': 0, 'Cluster 31': 1}
L-glutamate degradation X	{'NA': 3, 'Cluster 40': 1}
biotin biosynthesis from 8-amino-7-oxononanoate I	{'NA': 7}
oleate &beta;-oxidation (isomerase-dependent, yeast)	{'NA': 17, 'Cluster 59': 1, 'Cluster 42': 1, 'Cluster 24': 1}
glutathione-peroxide redox reactions	{'NA': 9, 'Cluster 46': 1, 'Cluster 48': 1}
L-glutamate biosynthesis II	{'NA': 3, 'Cluster 40': 1}
[2Fe-2S] iron-sulfur cluster biosynthesis	{'NA': 4, 'Cluster 32': 1}
guanosine ribonucleotides <i>de novo</i> biosynthesis	{'NA': 9, 'Cluster 6': 1, 'Cluster 8': 1, 'Cluster 24': 1, 'Cluster 13': 2}
luteolin triglucuronide degradation	{'NA': 1}
dTDP-&beta;-D-fucofuranose biosynthesis	{'NA': 0, 'Cluster 14': 1, 'Cluster 46': 1, 'Cluster 56': 1}
pyruvate decarboxylation to acetyl CoA I	{'NA': 11, 'Cluster 58': 1, 'Cluster 72': 1}
aerobactin biosynthesis	{'NA': 2}
pyruvate fermentation to (<i>R</i>)-lactate	{'NA': 1}
superoxide radicals degradation	{'NA': 6, 'Cluster 1': 1, 'Cluster 7': 1, 'Cluster 5': 1, 'Cluster 9': 1, 'Cluster 22': 1}
2-oxoglutarate decarboxylation to succinyl-CoA	{'NA': 4, 'Cluster 40': 1, 'Cluster 58': 1}
methylsalicylate degradation	{'NA': 5}
adenine and adenosine salvage VI	{'NA': 1}
<i>trans</i>-4-hydroxy-L-proline degradation I	{'NA': 1}
dipyrromethane cofactor biosynthesis	{'NA': 3}
glycine biosynthesis III	{'NA': 1}
bile acids deconjugation	{'NA': 1}
&beta;-carotene biosynthesis	{'NA': 1, 'Cluster 51': 1}
methyl-coenzyme M reduction to methane	{'NA': 5}
farnesylcysteine salvage pathway	{'NA': 4}
L-arabinose degradation I	{'NA': 2}
formaldehyde oxidation VII (THF pathway)	{'NA': 4, 'Cluster 4': 1}
guanine and guanosine salvage I	{'NA': 4, 'Cluster 5': 1}
D-<i>myo</i>-inositol (1,4,5)-trisphosphate biosynthesis	{'NA': 16}
diphthamide biosynthesis II (eukaryotes)	{'NA': 5, 'Cluster 8': 1}
purine nucleobases degradation II (anaerobic)	{'NA': 22, 'Cluster 12': 2, 'Cluster 4': 1}
L-proline biosynthesis I (from L-glutamate)	{'NA': 15}
glycerol degradation V	{'NA': 3}
adenine and adenosine salvage III	{'NA': 11, 'Cluster 65': 1, 'Cluster 2': 1, 'Cluster 6': 1, 'Cluster 5': 1}
